{
  "AAAY": {
    "N": 2,
    "data_file": "/workspace/AlphaDynamics/timewarp_real_data/4AA-large_test3/AAAY_T348_dihedrals.npz",
    "dihedral_alignment": "common_residue_index",
    "temp": 348,
    "train_steps": 4000,
    "batch": 256,
    "rollout_steps": 2500,
    "kappa_mult": 30.0,
    "jsd_mean": 0.08470824202215507,
    "jsd_max": 0.1009392350037783,
    "emd_mean_deg": 20.25550089654875,
    "emd_max_deg": 21.16818991031261,
    "dG_basin_mean_kcal": 0.11142784404875009,
    "dG_basin_max_kcal": 0.17389767242912826,
    "pop_err_mean": 0.08441900126896595,
    "pop_err_max": 0.09563009888095464
  },
  "AACE": {
    "N": 2,
    "data_file": "/workspace/AlphaDynamics/timewarp_real_data/4AA-large_test3/AACE_T348_dihedrals.npz",
    "dihedral_alignment": "common_residue_index",
    "temp": 348,
    "train_steps": 4000,
    "batch": 256,
    "rollout_steps": 2500,
    "kappa_mult": 30.0,
    "jsd_mean": 0.06666186907158188,
    "jsd_max": 0.07357581501728036,
    "emd_mean_deg": 19.553216393682867,
    "emd_max_deg": 26.692522256601688,
    "dG_basin_mean_kcal": 0.35503586783428076,
    "dG_basin_max_kcal": 0.3923299922791134,
    "pop_err_mean": 0.1066062606916516,
    "pop_err_max": 0.13616289039233612
  },
  "AAEW": {
    "N": 2,
    "data_file": "/workspace/AlphaDynamics/timewarp_real_data/4AA-large_test3/AAEW_T348_dihedrals.npz",
    "dihedral_alignment": "common_residue_index",
    "temp": 348,
    "train_steps": 4000,
    "batch": 256,
    "rollout_steps": 2500,
    "kappa_mult": 30.0,
    "jsd_mean": 0.1338955964383041,
    "jsd_max": 0.17930485604421273,
    "emd_mean_deg": 30.716357437542996,
    "emd_max_deg": 37.21359839793573,
    "dG_basin_mean_kcal": 0.7825262170784286,
    "dG_basin_max_kcal": 0.909017935828266,
    "pop_err_mean": 0.19517401354440544,
    "pop_err_max": 0.268429920386099
  }
}