{
  "AAAY": {
    "N": 2,
    "data_file": "/workspace/AlphaDynamics/timewarp_real_data/4AA-large_test3/AAAY_T348_dihedrals.npz",
    "dihedral_alignment": "common_residue_index",
    "temp": 348,
    "train_steps": 4000,
    "batch": 256,
    "rollout_steps": 2500,
    "kappa_mult": 1.0,
    "jsd_mean": 0.013624719681661887,
    "jsd_max": 0.01954143285702668,
    "emd_mean_deg": 6.726028310789438,
    "emd_max_deg": 9.173302126537376,
    "dG_basin_mean_kcal": 0.0852258466359066,
    "dG_basin_max_kcal": 0.1430897401038996,
    "pop_err_mean": 0.03792469937273625,
    "pop_err_max": 0.05719650073088727
  },
  "AACE": {
    "N": 2,
    "data_file": "/workspace/AlphaDynamics/timewarp_real_data/4AA-large_test3/AACE_T348_dihedrals.npz",
    "dihedral_alignment": "common_residue_index",
    "temp": 348,
    "train_steps": 4000,
    "batch": 256,
    "rollout_steps": 2500,
    "kappa_mult": 1.0,
    "jsd_mean": 0.015737389879124368,
    "jsd_max": 0.016726413774267215,
    "emd_mean_deg": 6.9547065657672125,
    "emd_max_deg": 8.907414988255885,
    "dG_basin_mean_kcal": 0.09039733985188025,
    "dG_basin_max_kcal": 0.09882711347460423,
    "pop_err_mean": 0.036331057108386605,
    "pop_err_max": 0.04949018450670045
  },
  "AAEW": {
    "N": 2,
    "data_file": "/workspace/AlphaDynamics/timewarp_real_data/4AA-large_test3/AAEW_T348_dihedrals.npz",
    "dihedral_alignment": "common_residue_index",
    "temp": 348,
    "train_steps": 4000,
    "batch": 256,
    "rollout_steps": 2500,
    "kappa_mult": 1.0,
    "jsd_mean": 0.013026604010142174,
    "jsd_max": 0.014368931716910557,
    "emd_mean_deg": 6.788292353358111,
    "emd_max_deg": 7.29892671300817,
    "dG_basin_mean_kcal": 0.1505615653114265,
    "dG_basin_max_kcal": 0.18794472500158146,
    "pop_err_mean": 0.04113309481173713,
    "pop_err_max": 0.05153433674580931
  }
}