{
  "experiment": "k_sweep_ablation",
  "timestamp": "2026-04-28T21:53:49.714765+00:00",
  "data_dir": "/workspace/AlphaDynamics/mdcath_real_data/mdcath_348K",
  "Ks": [
    2,
    4,
    8,
    16,
    32
  ],
  "t_max": 4.0,
  "steps": 4000,
  "results": [
    {
      "domain_id": "1lwjA03",
      "N": 48,
      "per_K": {
        "2": {
          "val_nll": 31.80127716064453,
          "n_params": 118019,
          "seconds": 68.47879362106323
        },
        "4": {
          "val_nll": 28.615758895874023,
          "n_params": 192581,
          "seconds": 64.75103735923767
        },
        "8": {
          "val_nll": 32.641754150390625,
          "n_params": 341705,
          "seconds": 67.52920079231262
        },
        "16": {
          "val_nll": 28.03061866760254,
          "n_params": 639953,
          "seconds": 69.62721991539001
        },
        "32": {
          "val_nll": 33.30533218383789,
          "n_params": 1236449,
          "seconds": 74.8237533569336
        }
      }
    },
    {
      "domain_id": "1kwgA03",
      "N": 48,
      "per_K": {
        "2": {
          "val_nll": 20.526214599609375,
          "n_params": 118019,
          "seconds": 67.0340621471405
        },
        "4": {
          "val_nll": 21.110313415527344,
          "n_params": 192581,
          "seconds": 61.69785690307617
        },
        "8": {
          "val_nll": 20.53355598449707,
          "n_params": 341705,
          "seconds": 67.17010545730591
        },
        "16": {
          "val_nll": 20.785200119018555,
          "n_params": 639953,
          "seconds": 64.27635097503662
        },
        "32": {
          "val_nll": 20.58104133605957,
          "n_params": 1236449,
          "seconds": 59.66347575187683
        }
      }
    },
    {
      "domain_id": "1vq8L01",
      "N": 48,
      "per_K": {
        "2": {
          "val_nll": 140.46824645996094,
          "n_params": 118019,
          "seconds": 59.13997745513916
        },
        "4": {
          "val_nll": 140.5042266845703,
          "n_params": 192581,
          "seconds": 58.78732872009277
        },
        "8": {
          "val_nll": 141.66929626464844,
          "n_params": 341705,
          "seconds": 47.62519359588623
        },
        "16": {
          "val_nll": 141.10671997070312,
          "n_params": 639953,
          "seconds": 49.513673543930054
        },
        "32": {
          "val_nll": 141.94264221191406,
          "n_params": 1236449,
          "seconds": 63.78601670265198
        }
      }
    }
  ]
}