{
  "4ktyB04": {
    "N": 98,
    "data_file": "mdcath_real_data/mdcath_alltemps/4ktyB04_T348_dihedrals.npz",
    "dihedral_alignment": "common_residue_index",
    "temp": 348,
    "train_steps": 4000,
    "batch": 128,
    "rollout_steps": 2500,
    "kappa_mult": 30.0,
    "jsd_mean": 0.1270803097943263,
    "jsd_max": 0.35225083593445594,
    "emd_mean_deg": 12.272952235978565,
    "emd_max_deg": 53.19774608252175,
    "dG_basin_mean_kcal": 0.8014350282414981,
    "dG_basin_max_kcal": 3.400892744387537,
    "pop_err_mean": 0.05897911103390667,
    "pop_err_max": 0.26721552370317847
  },
  "1w36F02": {
    "N": 98,
    "data_file": "mdcath_real_data/mdcath_alltemps/1w36F02_T348_dihedrals.npz",
    "dihedral_alignment": "common_residue_index",
    "temp": 348,
    "train_steps": 4000,
    "batch": 128,
    "rollout_steps": 2500,
    "kappa_mult": 30.0,
    "jsd_mean": 0.12152451327618424,
    "jsd_max": 0.5011418896882539,
    "emd_mean_deg": 11.33016986149284,
    "emd_max_deg": 79.70534728487266,
    "dG_basin_mean_kcal": 1.2222442930630104,
    "dG_basin_max_kcal": 3.6099033533228915,
    "pop_err_mean": 0.06460852879666888,
    "pop_err_max": 0.3559181354820307
  },
  "2hoxA01": {
    "N": 98,
    "data_file": "mdcath_real_data/mdcath_alltemps/2hoxA01_T348_dihedrals.npz",
    "dihedral_alignment": "common_residue_index",
    "temp": 348,
    "train_steps": 4000,
    "batch": 128,
    "rollout_steps": 2500,
    "kappa_mult": 30.0,
    "jsd_mean": 0.266055505891051,
    "jsd_max": 0.49296380916191157,
    "emd_mean_deg": 30.12173555990441,
    "emd_max_deg": 59.089505099247916,
    "dG_basin_mean_kcal": 2.1862003335025446,
    "dG_basin_max_kcal": 4.078986885737742,
    "pop_err_mean": 0.1508085433152003,
    "pop_err_max": 0.38153295990948477
  }
}