{
  "1lwjA03": {
    "N": 48,
    "data_file": "mdcath_real_data/mdcath_alltemps/1lwjA03_T348_dihedrals.npz",
    "dihedral_alignment": "common_residue_index",
    "temp": 348,
    "train_steps": 4000,
    "batch": 512,
    "rollout_steps": 2500,
    "kappa_mult": 30.0,
    "jsd_mean": 0.14278668215299062,
    "jsd_max": 0.2776416990098421,
    "emd_mean_deg": 11.865034998570579,
    "emd_max_deg": 31.292683358537296,
    "dG_basin_mean_kcal": 0.955880046012031,
    "dG_basin_max_kcal": 2.8229652619642613,
    "pop_err_mean": 0.06701493588714326,
    "pop_err_max": 0.19397773960173778
  },
  "1kwgA03": {
    "N": 48,
    "data_file": "mdcath_real_data/mdcath_alltemps/1kwgA03_T348_dihedrals.npz",
    "dihedral_alignment": "common_residue_index",
    "temp": 348,
    "train_steps": 4000,
    "batch": 512,
    "rollout_steps": 2500,
    "kappa_mult": 30.0,
    "jsd_mean": 0.13780804319011852,
    "jsd_max": 0.3618557454664962,
    "emd_mean_deg": 13.92443202029709,
    "emd_max_deg": 71.38226221508467,
    "dG_basin_mean_kcal": 1.1360934756309238,
    "dG_basin_max_kcal": 3.346800335837203,
    "pop_err_mean": 0.06984692970117606,
    "pop_err_max": 0.3057795314506074
  },
  "1vq8L01": {
    "N": 48,
    "data_file": "mdcath_real_data/mdcath_alltemps/1vq8L01_T348_dihedrals.npz",
    "dihedral_alignment": "common_residue_index",
    "temp": 348,
    "train_steps": 4000,
    "batch": 512,
    "rollout_steps": 2500,
    "kappa_mult": 30.0,
    "jsd_mean": 0.2999117505265503,
    "jsd_max": 0.45076719482215216,
    "emd_mean_deg": 35.88965794134145,
    "emd_max_deg": 50.80808108185374,
    "dG_basin_mean_kcal": 1.9774949183576152,
    "dG_basin_max_kcal": 3.630198980326622,
    "pop_err_mean": 0.14144836617967618,
    "pop_err_max": 0.25048999471658606
  }
}